{
  "project_info": {
    "project_number": "714986195378",
    "project_id": "flutter-project-31708",
    "storage_bucket": "flutter-project-31708.appspot.com"
  },
  "client": [
    {
      "client_info": {
        "mobilesdk_app_id": "1:714986195378:android:c912863c1908fe66e1fcab",
        "android_client_info": {
          "package_name": "com.example.firebase_setup"
        }
      },
      "oauth_client": [],
      "api_key": [
        {
          "current_key": "AIzaSyDFovoGiCKkVDmnIF9W06QJ5zyZtW6scT0"
        }
      ],
      "services": {
        "appinvite_service": {
          "other_platform_oauth_client": []
        }
      }
    }
  ],
  "configuration_version": "1"
}